codes,boardtype
000001.SZ,主板
000002.SZ,主板
000004.SZ,主板
000005.SZ,主板
000006.SZ,主板
000007.SZ,主板
000008.SZ,主板
000009.SZ,主板
000010.SZ,主板
000011.SZ,主板
000012.SZ,主板
000014.SZ,主板
000016.SZ,主板
000017.SZ,主板
000019.SZ,主板
000020.SZ,主板
000021.SZ,主板
000023.SZ,主板
000025.SZ,主板
000026.SZ,主板
000027.SZ,主板
000028.SZ,主板
000029.SZ,主板
000030.SZ,主板
000031.SZ,主板
000032.SZ,主板
000034.SZ,主板
000035.SZ,主板
000036.SZ,主板
000037.SZ,主板
000038.SZ,主板
000039.SZ,主板
000040.SZ,主板
000042.SZ,主板
000045.SZ,主板
000046.SZ,主板
000048.SZ,主板
000049.SZ,主板
000050.SZ,主板
000055.SZ,主板
000056.SZ,主板
000058.SZ,主板
000059.SZ,主板
000060.SZ,主板
000061.SZ,主板
000062.SZ,主板
000063.SZ,主板
000065.SZ,主板
000066.SZ,主板
000068.SZ,主板
000069.SZ,主板
000070.SZ,主板
000078.SZ,主板
000088.SZ,主板
000089.SZ,主板
000090.SZ,主板
000096.SZ,主板
000099.SZ,主板
000100.SZ,主板
000150.SZ,主板
000151.SZ,主板
000153.SZ,主板
000155.SZ,主板
000156.SZ,主板
000157.SZ,主板
000158.SZ,主板
000159.SZ,主板
000166.SZ,主板
000301.SZ,主板
000333.SZ,主板
000338.SZ,主板
000400.SZ,主板
000401.SZ,主板
000402.SZ,主板
000403.SZ,主板
000404.SZ,主板
000407.SZ,主板
000408.SZ,主板
000409.SZ,主板
000410.SZ,主板
000411.SZ,主板
000413.SZ,主板
000415.SZ,主板
000416.SZ,主板
000417.SZ,主板
000419.SZ,主板
000420.SZ,主板
000421.SZ,主板
000422.SZ,主板
000423.SZ,主板
000425.SZ,主板
000426.SZ,主板
000428.SZ,主板
000429.SZ,主板
000430.SZ,主板
000488.SZ,主板
000498.SZ,主板
000501.SZ,主板
000502.SZ,主板
000503.SZ,主板
000504.SZ,主板
000505.SZ,主板
000506.SZ,主板
000507.SZ,主板
000509.SZ,主板
000510.SZ,主板
000513.SZ,主板
000514.SZ,主板
000516.SZ,主板
000517.SZ,主板
000518.SZ,主板
000519.SZ,主板
000520.SZ,主板
000521.SZ,主板
000523.SZ,主板
000524.SZ,主板
000525.SZ,主板
000526.SZ,主板
000528.SZ,主板
000529.SZ,主板
000530.SZ,主板
000531.SZ,主板
000532.SZ,主板
000533.SZ,主板
000534.SZ,主板
000536.SZ,主板
000537.SZ,主板
000538.SZ,主板
000539.SZ,主板
000540.SZ,主板
000541.SZ,主板
000543.SZ,主板
000544.SZ,主板
000545.SZ,主板
000546.SZ,主板
000547.SZ,主板
000548.SZ,主板
000550.SZ,主板
000551.SZ,主板
000552.SZ,主板
000553.SZ,主板
000554.SZ,主板
000555.SZ,主板
000557.SZ,主板
000558.SZ,主板
000559.SZ,主板
000560.SZ,主板
000561.SZ,主板
000563.SZ,主板
000564.SZ,主板
000565.SZ,主板
000566.SZ,主板
000567.SZ,主板
000568.SZ,主板
000570.SZ,主板
000571.SZ,主板
000572.SZ,主板
000573.SZ,主板
000576.SZ,主板
000581.SZ,主板
000582.SZ,主板
000584.SZ,主板
000585.SZ,主板
000586.SZ,主板
000587.SZ,主板
000589.SZ,主板
000590.SZ,主板
000591.SZ,主板
000592.SZ,主板
000593.SZ,主板
000595.SZ,主板
000596.SZ,主板
000597.SZ,主板
000598.SZ,主板
000599.SZ,主板
000600.SZ,主板
000601.SZ,主板
000603.SZ,主板
000605.SZ,主板
000606.SZ,主板
000607.SZ,主板
000608.SZ,主板
000609.SZ,主板
000610.SZ,主板
000611.SZ,主板
000612.SZ,主板
000613.SZ,主板
000615.SZ,主板
000616.SZ,主板
000617.SZ,主板
000619.SZ,主板
000620.SZ,主板
000622.SZ,主板
000623.SZ,主板
000625.SZ,主板
000626.SZ,主板
000627.SZ,主板
000628.SZ,主板
000629.SZ,主板
000630.SZ,主板
000631.SZ,主板
000632.SZ,主板
000633.SZ,主板
000635.SZ,主板
000636.SZ,主板
000637.SZ,主板
000638.SZ,主板
000639.SZ,主板
000650.SZ,主板
000651.SZ,主板
000652.SZ,主板
000655.SZ,主板
000656.SZ,主板
000657.SZ,主板
000659.SZ,主板
000661.SZ,主板
000662.SZ,主板
000663.SZ,主板
000665.SZ,主板
000666.SZ,主板
000667.SZ,主板
000668.SZ,主板
000669.SZ,主板
000670.SZ,主板
000671.SZ,主板
000672.SZ,主板
000673.SZ,主板
000676.SZ,主板
000677.SZ,主板
000678.SZ,主板
000679.SZ,主板
000680.SZ,主板
000681.SZ,主板
000682.SZ,主板
000683.SZ,主板
000685.SZ,主板
000686.SZ,主板
000687.SZ,主板
000688.SZ,主板
000690.SZ,主板
000691.SZ,主板
000692.SZ,主板
000695.SZ,主板
000697.SZ,主板
000698.SZ,主板
000700.SZ,主板
000701.SZ,主板
000702.SZ,主板
000703.SZ,主板
000705.SZ,主板
000707.SZ,主板
000708.SZ,主板
000709.SZ,主板
000710.SZ,主板
000711.SZ,主板
000712.SZ,主板
000713.SZ,主板
000715.SZ,主板
000716.SZ,主板
000717.SZ,主板
000718.SZ,主板
000719.SZ,主板
000720.SZ,主板
000721.SZ,主板
000722.SZ,主板
000723.SZ,主板
000725.SZ,主板
000726.SZ,主板
000727.SZ,主板
000728.SZ,主板
000729.SZ,主板
000731.SZ,主板
000732.SZ,主板
000733.SZ,主板
000735.SZ,主板
000736.SZ,主板
000737.SZ,主板
000738.SZ,主板
000739.SZ,主板
000750.SZ,主板
000751.SZ,主板
000752.SZ,主板
000753.SZ,主板
000755.SZ,主板
000756.SZ,主板
000757.SZ,主板
000758.SZ,主板
000759.SZ,主板
000760.SZ,主板
000761.SZ,主板
000762.SZ,主板
000766.SZ,主板
000767.SZ,主板
000768.SZ,主板
000776.SZ,主板
000777.SZ,主板
000778.SZ,主板
000779.SZ,主板
000780.SZ,主板
000782.SZ,主板
000783.SZ,主板
000785.SZ,主板
000786.SZ,主板
000788.SZ,主板
000789.SZ,主板
000790.SZ,主板
000791.SZ,主板
000792.SZ,主板
000793.SZ,主板
000795.SZ,主板
000796.SZ,主板
000797.SZ,主板
000798.SZ,主板
000799.SZ,主板
000800.SZ,主板
000801.SZ,主板
000802.SZ,主板
000803.SZ,主板
000806.SZ,主板
000807.SZ,主板
000809.SZ,主板
000810.SZ,主板
000811.SZ,主板
000812.SZ,主板
000813.SZ,主板
000815.SZ,主板
000816.SZ,主板
000818.SZ,主板
000819.SZ,主板
000820.SZ,主板
000821.SZ,主板
000822.SZ,主板
000823.SZ,主板
000825.SZ,主板
000826.SZ,主板
000828.SZ,主板
000829.SZ,主板
000830.SZ,主板
000831.SZ,主板
000833.SZ,主板
000835.SZ,主板
000836.SZ,主板
000837.SZ,主板
000838.SZ,主板
000839.SZ,主板
000848.SZ,主板
000850.SZ,主板
000851.SZ,主板
000852.SZ,主板
000856.SZ,主板
000858.SZ,主板
000859.SZ,主板
000860.SZ,主板
000861.SZ,主板
000862.SZ,主板
000863.SZ,主板
000868.SZ,主板
000869.SZ,主板
000875.SZ,主板
000876.SZ,主板
000877.SZ,主板
000878.SZ,主板
000880.SZ,主板
000881.SZ,主板
000882.SZ,主板
000883.SZ,主板
000885.SZ,主板
000886.SZ,主板
000887.SZ,主板
000888.SZ,主板
000889.SZ,主板
000890.SZ,主板
000892.SZ,主板
000893.SZ,主板
000895.SZ,主板
000897.SZ,主板
000898.SZ,主板
000899.SZ,主板
000900.SZ,主板
000901.SZ,主板
000902.SZ,主板
000903.SZ,主板
000905.SZ,主板
000906.SZ,主板
000908.SZ,主板
000909.SZ,主板
000910.SZ,主板
000911.SZ,主板
000912.SZ,主板
000913.SZ,主板
000915.SZ,主板
000917.SZ,主板
000918.SZ,主板
000919.SZ,主板
000920.SZ,主板
000921.SZ,主板
000922.SZ,主板
000923.SZ,主板
000925.SZ,主板
000926.SZ,主板
000927.SZ,主板
000928.SZ,主板
000929.SZ,主板
000930.SZ,主板
000931.SZ,主板
000932.SZ,主板
000933.SZ,主板
000935.SZ,主板
000936.SZ,主板
000937.SZ,主板
000938.SZ,主板
000948.SZ,主板
000949.SZ,主板
000950.SZ,主板
000951.SZ,主板
000952.SZ,主板
000953.SZ,主板
000955.SZ,主板
000957.SZ,主板
000958.SZ,主板
000959.SZ,主板
000960.SZ,主板
000961.SZ,主板
000962.SZ,主板
000963.SZ,主板
000965.SZ,主板
000966.SZ,主板
000967.SZ,主板
000968.SZ,主板
000969.SZ,主板
000970.SZ,主板
000971.SZ,主板
000972.SZ,主板
000973.SZ,主板
000975.SZ,主板
000976.SZ,主板
000977.SZ,主板
000978.SZ,主板
000980.SZ,主板
000981.SZ,主板
000982.SZ,主板
000983.SZ,主板
000985.SZ,主板
000987.SZ,主板
000988.SZ,主板
000989.SZ,主板
000990.SZ,主板
000993.SZ,主板
000995.SZ,主板
000996.SZ,主板
000997.SZ,主板
000998.SZ,主板
000999.SZ,主板
001696.SZ,主板
001872.SZ,主板
001896.SZ,主板
001914.SZ,主板
001965.SZ,主板
001979.SZ,主板
002001.SZ,中小板
002002.SZ,中小板
002003.SZ,中小板
002004.SZ,中小板
002005.SZ,中小板
002006.SZ,中小板
002007.SZ,中小板
002008.SZ,中小板
002009.SZ,中小板
002010.SZ,中小板
002011.SZ,中小板
002012.SZ,中小板
002013.SZ,中小板
002014.SZ,中小板
002015.SZ,中小板
002016.SZ,中小板
002017.SZ,中小板
002019.SZ,中小板
002020.SZ,中小板
002021.SZ,中小板
002022.SZ,中小板
002023.SZ,中小板
002024.SZ,中小板
002025.SZ,中小板
002026.SZ,中小板
002027.SZ,中小板
002028.SZ,中小板
002029.SZ,中小板
002030.SZ,中小板
002031.SZ,中小板
002032.SZ,中小板
002033.SZ,中小板
002034.SZ,中小板
002035.SZ,中小板
002036.SZ,中小板
002037.SZ,中小板
002038.SZ,中小板
002039.SZ,中小板
002040.SZ,中小板
002041.SZ,中小板
002042.SZ,中小板
002043.SZ,中小板
002044.SZ,中小板
002045.SZ,中小板
002046.SZ,中小板
002047.SZ,中小板
002048.SZ,中小板
002049.SZ,中小板
002050.SZ,中小板
002051.SZ,中小板
002052.SZ,中小板
002053.SZ,中小板
002054.SZ,中小板
002055.SZ,中小板
002056.SZ,中小板
002057.SZ,中小板
002058.SZ,中小板
002059.SZ,中小板
002060.SZ,中小板
002061.SZ,中小板
002062.SZ,中小板
002063.SZ,中小板
002064.SZ,中小板
002065.SZ,中小板
002066.SZ,中小板
002067.SZ,中小板
002068.SZ,中小板
002069.SZ,中小板
002071.SZ,中小板
002072.SZ,中小板
002073.SZ,中小板
002074.SZ,中小板
002075.SZ,中小板
002076.SZ,中小板
002077.SZ,中小板
002078.SZ,中小板
002079.SZ,中小板
002080.SZ,中小板
002081.SZ,中小板
002082.SZ,中小板
002083.SZ,中小板
002084.SZ,中小板
002085.SZ,中小板
002086.SZ,中小板
002087.SZ,中小板
002088.SZ,中小板
002089.SZ,中小板
002090.SZ,中小板
002091.SZ,中小板
002092.SZ,中小板
002093.SZ,中小板
002094.SZ,中小板
002095.SZ,中小板
002096.SZ,中小板
002097.SZ,中小板
002098.SZ,中小板
002099.SZ,中小板
002100.SZ,中小板
002101.SZ,中小板
002102.SZ,中小板
002103.SZ,中小板
002104.SZ,中小板
002105.SZ,中小板
002106.SZ,中小板
002107.SZ,中小板
002108.SZ,中小板
002109.SZ,中小板
002110.SZ,中小板
002111.SZ,中小板
002112.SZ,中小板
002113.SZ,中小板
002114.SZ,中小板
002115.SZ,中小板
002116.SZ,中小板
002117.SZ,中小板
002118.SZ,中小板
002119.SZ,中小板
002120.SZ,中小板
002121.SZ,中小板
002122.SZ,中小板
002123.SZ,中小板
002124.SZ,中小板
002125.SZ,中小板
002126.SZ,中小板
002127.SZ,中小板
002128.SZ,中小板
002129.SZ,中小板
002130.SZ,中小板
002131.SZ,中小板
002132.SZ,中小板
002133.SZ,中小板
002134.SZ,中小板
002135.SZ,中小板
002136.SZ,中小板
002137.SZ,中小板
002138.SZ,中小板
002139.SZ,中小板
002140.SZ,中小板
002141.SZ,中小板
002142.SZ,中小板
002144.SZ,中小板
002145.SZ,中小板
002146.SZ,中小板
002147.SZ,中小板
002148.SZ,中小板
002149.SZ,中小板
002150.SZ,中小板
002151.SZ,中小板
002152.SZ,中小板
002153.SZ,中小板
002154.SZ,中小板
002155.SZ,中小板
002156.SZ,中小板
002157.SZ,中小板
002158.SZ,中小板
002159.SZ,中小板
002160.SZ,中小板
002161.SZ,中小板
002162.SZ,中小板
002163.SZ,中小板
002164.SZ,中小板
002165.SZ,中小板
002166.SZ,中小板
002167.SZ,中小板
002168.SZ,中小板
002169.SZ,中小板
002170.SZ,中小板
002171.SZ,中小板
002172.SZ,中小板
002173.SZ,中小板
002174.SZ,中小板
002175.SZ,中小板
002176.SZ,中小板
002177.SZ,中小板
002178.SZ,中小板
002179.SZ,中小板
002180.SZ,中小板
002181.SZ,中小板
002182.SZ,中小板
002183.SZ,中小板
002184.SZ,中小板
002185.SZ,中小板
002186.SZ,中小板
002187.SZ,中小板
002188.SZ,中小板
002189.SZ,中小板
002190.SZ,中小板
002191.SZ,中小板
002192.SZ,中小板
002193.SZ,中小板
002194.SZ,中小板
002195.SZ,中小板
002196.SZ,中小板
002197.SZ,中小板
002198.SZ,中小板
002199.SZ,中小板
002200.SZ,中小板
002201.SZ,中小板
002202.SZ,中小板
002203.SZ,中小板
002204.SZ,中小板
002205.SZ,中小板
002206.SZ,中小板
002207.SZ,中小板
002208.SZ,中小板
002209.SZ,中小板
002210.SZ,中小板
002211.SZ,中小板
002212.SZ,中小板
002213.SZ,中小板
002214.SZ,中小板
002215.SZ,中小板
002216.SZ,中小板
002217.SZ,中小板
002218.SZ,中小板
002219.SZ,中小板
002221.SZ,中小板
002222.SZ,中小板
002223.SZ,中小板
002224.SZ,中小板
002225.SZ,中小板
002226.SZ,中小板
002227.SZ,中小板
002228.SZ,中小板
002229.SZ,中小板
002230.SZ,中小板
002231.SZ,中小板
002232.SZ,中小板
002233.SZ,中小板
002234.SZ,中小板
002235.SZ,中小板
002236.SZ,中小板
002237.SZ,中小板
002238.SZ,中小板
002239.SZ,中小板
002240.SZ,中小板
002241.SZ,中小板
002242.SZ,中小板
002243.SZ,中小板
002244.SZ,中小板
002245.SZ,中小板
002246.SZ,中小板
002247.SZ,中小板
002248.SZ,中小板
002249.SZ,中小板
002250.SZ,中小板
002251.SZ,中小板
002252.SZ,中小板
002253.SZ,中小板
002254.SZ,中小板
002255.SZ,中小板
002256.SZ,中小板
002258.SZ,中小板
002259.SZ,中小板
002260.SZ,中小板
002261.SZ,中小板
002262.SZ,中小板
002263.SZ,中小板
002264.SZ,中小板
002265.SZ,中小板
002266.SZ,中小板
002267.SZ,中小板
002268.SZ,中小板
002269.SZ,中小板
002270.SZ,中小板
002271.SZ,中小板
002272.SZ,中小板
002273.SZ,中小板
002274.SZ,中小板
002275.SZ,中小板
002276.SZ,中小板
002277.SZ,中小板
002278.SZ,中小板
002279.SZ,中小板
002280.SZ,中小板
002281.SZ,中小板
002282.SZ,中小板
002283.SZ,中小板
002284.SZ,中小板
002285.SZ,中小板
002286.SZ,中小板
002287.SZ,中小板
002288.SZ,中小板
002289.SZ,中小板
002290.SZ,中小板
002291.SZ,中小板
002292.SZ,中小板
002293.SZ,中小板
002294.SZ,中小板
002295.SZ,中小板
002296.SZ,中小板
002297.SZ,中小板
002298.SZ,中小板
002299.SZ,中小板
002300.SZ,中小板
002301.SZ,中小板
002302.SZ,中小板
002303.SZ,中小板
002304.SZ,中小板
002305.SZ,中小板
002306.SZ,中小板
002307.SZ,中小板
002308.SZ,中小板
002309.SZ,中小板
002310.SZ,中小板
002311.SZ,中小板
002312.SZ,中小板
002313.SZ,中小板
002314.SZ,中小板
002315.SZ,中小板
002316.SZ,中小板
002317.SZ,中小板
002318.SZ,中小板
002319.SZ,中小板
002320.SZ,中小板
002321.SZ,中小板
002322.SZ,中小板
002323.SZ,中小板
002324.SZ,中小板
002325.SZ,中小板
002326.SZ,中小板
002327.SZ,中小板
002328.SZ,中小板
002329.SZ,中小板
002330.SZ,中小板
002331.SZ,中小板
002332.SZ,中小板
002333.SZ,中小板
002334.SZ,中小板
002335.SZ,中小板
002336.SZ,中小板
002337.SZ,中小板
002338.SZ,中小板
002339.SZ,中小板
002340.SZ,中小板
002341.SZ,中小板
002342.SZ,中小板
002343.SZ,中小板
002344.SZ,中小板
002345.SZ,中小板
002346.SZ,中小板
002347.SZ,中小板
002348.SZ,中小板
002349.SZ,中小板
002350.SZ,中小板
002351.SZ,中小板
002352.SZ,中小板
002353.SZ,中小板
002354.SZ,中小板
002355.SZ,中小板
002356.SZ,中小板
002357.SZ,中小板
002358.SZ,中小板
002359.SZ,中小板
002360.SZ,中小板
002361.SZ,中小板
002362.SZ,中小板
002363.SZ,中小板
002364.SZ,中小板
002365.SZ,中小板
002366.SZ,中小板
002367.SZ,中小板
002368.SZ,中小板
002369.SZ,中小板
002370.SZ,中小板
002371.SZ,中小板
002372.SZ,中小板
002373.SZ,中小板
002374.SZ,中小板
002375.SZ,中小板
002376.SZ,中小板
002377.SZ,中小板
002378.SZ,中小板
002379.SZ,中小板
002380.SZ,中小板
002381.SZ,中小板
002382.SZ,中小板
002383.SZ,中小板
002384.SZ,中小板
002385.SZ,中小板
002386.SZ,中小板
002387.SZ,中小板
002388.SZ,中小板
002389.SZ,中小板
002390.SZ,中小板
002391.SZ,中小板
002392.SZ,中小板
002393.SZ,中小板
002394.SZ,中小板
002395.SZ,中小板
002396.SZ,中小板
002397.SZ,中小板
002398.SZ,中小板
002399.SZ,中小板
002400.SZ,中小板
002401.SZ,中小板
002402.SZ,中小板
002403.SZ,中小板
002404.SZ,中小板
002405.SZ,中小板
002406.SZ,中小板
002407.SZ,中小板
002408.SZ,中小板
002409.SZ,中小板
002410.SZ,中小板
002411.SZ,中小板
002412.SZ,中小板
002413.SZ,中小板
002414.SZ,中小板
002415.SZ,中小板
002416.SZ,中小板
002417.SZ,中小板
002418.SZ,中小板
002419.SZ,中小板
002420.SZ,中小板
002421.SZ,中小板
002422.SZ,中小板
002423.SZ,中小板
002424.SZ,中小板
002425.SZ,中小板
002426.SZ,中小板
002427.SZ,中小板
002428.SZ,中小板
002429.SZ,中小板
002430.SZ,中小板
002431.SZ,中小板
002432.SZ,中小板
002433.SZ,中小板
002434.SZ,中小板
002435.SZ,中小板
002436.SZ,中小板
002437.SZ,中小板
002438.SZ,中小板
002439.SZ,中小板
002440.SZ,中小板
002441.SZ,中小板
002442.SZ,中小板
002443.SZ,中小板
002444.SZ,中小板
002445.SZ,中小板
002446.SZ,中小板
002447.SZ,中小板
002448.SZ,中小板
002449.SZ,中小板
002450.SZ,中小板
002451.SZ,中小板
002452.SZ,中小板
002453.SZ,中小板
002454.SZ,中小板
002455.SZ,中小板
002456.SZ,中小板
002457.SZ,中小板
002458.SZ,中小板
002459.SZ,中小板
002460.SZ,中小板
002461.SZ,中小板
002462.SZ,中小板
002463.SZ,中小板
002464.SZ,中小板
002465.SZ,中小板
002466.SZ,中小板
002467.SZ,中小板
002468.SZ,中小板
002469.SZ,中小板
002470.SZ,中小板
002471.SZ,中小板
002472.SZ,中小板
002473.SZ,中小板
002474.SZ,中小板
002475.SZ,中小板
002476.SZ,中小板
002478.SZ,中小板
002479.SZ,中小板
002480.SZ,中小板
002481.SZ,中小板
002482.SZ,中小板
002483.SZ,中小板
002484.SZ,中小板
002485.SZ,中小板
002486.SZ,中小板
002487.SZ,中小板
002488.SZ,中小板
002489.SZ,中小板
002490.SZ,中小板
002491.SZ,中小板
002492.SZ,中小板
002493.SZ,中小板
002494.SZ,中小板
002495.SZ,中小板
002496.SZ,中小板
002497.SZ,中小板
002498.SZ,中小板
002499.SZ,中小板
002500.SZ,中小板
002501.SZ,中小板
002502.SZ,中小板
002503.SZ,中小板
002504.SZ,中小板
002505.SZ,中小板
002506.SZ,中小板
002507.SZ,中小板
002508.SZ,中小板
002510.SZ,中小板
002511.SZ,中小板
002512.SZ,中小板
002513.SZ,中小板
002514.SZ,中小板
002515.SZ,中小板
002516.SZ,中小板
002517.SZ,中小板
002518.SZ,中小板
002519.SZ,中小板
002520.SZ,中小板
002521.SZ,中小板
002522.SZ,中小板
002523.SZ,中小板
002524.SZ,中小板
002526.SZ,中小板
002527.SZ,中小板
002528.SZ,中小板
002529.SZ,中小板
002530.SZ,中小板
002531.SZ,中小板
002532.SZ,中小板
002533.SZ,中小板
002534.SZ,中小板
002535.SZ,中小板
002536.SZ,中小板
002537.SZ,中小板
002538.SZ,中小板
002539.SZ,中小板
002540.SZ,中小板
002541.SZ,中小板
002542.SZ,中小板
002543.SZ,中小板
002544.SZ,中小板
002545.SZ,中小板
002546.SZ,中小板
002547.SZ,中小板
002548.SZ,中小板
002549.SZ,中小板
002550.SZ,中小板
002551.SZ,中小板
002552.SZ,中小板
002553.SZ,中小板
002554.SZ,中小板
002555.SZ,中小板
002556.SZ,中小板
002557.SZ,中小板
002558.SZ,中小板
002559.SZ,中小板
002560.SZ,中小板
002561.SZ,中小板
002562.SZ,中小板
002563.SZ,中小板
002564.SZ,中小板
002565.SZ,中小板
002566.SZ,中小板
002567.SZ,中小板
002568.SZ,中小板
002569.SZ,中小板
002570.SZ,中小板
002571.SZ,中小板
002572.SZ,中小板
002573.SZ,中小板
002574.SZ,中小板
002575.SZ,中小板
002576.SZ,中小板
002577.SZ,中小板
002578.SZ,中小板
002579.SZ,中小板
002580.SZ,中小板
002581.SZ,中小板
002582.SZ,中小板
002583.SZ,中小板
002584.SZ,中小板
002585.SZ,中小板
002586.SZ,中小板
002587.SZ,中小板
002588.SZ,中小板
002589.SZ,中小板
002590.SZ,中小板
002591.SZ,中小板
002592.SZ,中小板
002593.SZ,中小板
002594.SZ,中小板
002595.SZ,中小板
002596.SZ,中小板
002597.SZ,中小板
002598.SZ,中小板
002599.SZ,中小板
002600.SZ,中小板
002601.SZ,中小板
002602.SZ,中小板
002603.SZ,中小板
002605.SZ,中小板
002606.SZ,中小板
002607.SZ,中小板
002608.SZ,中小板
002609.SZ,中小板
002610.SZ,中小板
002611.SZ,中小板
002612.SZ,中小板
002613.SZ,中小板
002614.SZ,中小板
002615.SZ,中小板
002616.SZ,中小板
002617.SZ,中小板
002618.SZ,中小板
002619.SZ,中小板
002620.SZ,中小板
002621.SZ,中小板
002622.SZ,中小板
002623.SZ,中小板
002624.SZ,中小板
002625.SZ,中小板
002626.SZ,中小板
002627.SZ,中小板
002628.SZ,中小板
002629.SZ,中小板
002630.SZ,中小板
002631.SZ,中小板
002632.SZ,中小板
002633.SZ,中小板
002634.SZ,中小板
002635.SZ,中小板
002636.SZ,中小板
002637.SZ,中小板
002638.SZ,中小板
002639.SZ,中小板
002640.SZ,中小板
002641.SZ,中小板
002642.SZ,中小板
002643.SZ,中小板
002644.SZ,中小板
002645.SZ,中小板
002646.SZ,中小板
002647.SZ,中小板
002648.SZ,中小板
002649.SZ,中小板
002650.SZ,中小板
002651.SZ,中小板
002652.SZ,中小板
002653.SZ,中小板
002654.SZ,中小板
002655.SZ,中小板
002656.SZ,中小板
002657.SZ,中小板
002658.SZ,中小板
002659.SZ,中小板
002660.SZ,中小板
002661.SZ,中小板
002662.SZ,中小板
002663.SZ,中小板
002664.SZ,中小板
002665.SZ,中小板
002666.SZ,中小板
002667.SZ,中小板
002668.SZ,中小板
002669.SZ,中小板
002670.SZ,中小板
002671.SZ,中小板
002672.SZ,中小板
002673.SZ,中小板
002674.SZ,中小板
002675.SZ,中小板
002676.SZ,中小板
002677.SZ,中小板
002678.SZ,中小板
002679.SZ,中小板
002681.SZ,中小板
002682.SZ,中小板
002683.SZ,中小板
002684.SZ,中小板
002685.SZ,中小板
002686.SZ,中小板
002687.SZ,中小板
002688.SZ,中小板
002689.SZ,中小板
002690.SZ,中小板
002691.SZ,中小板
002692.SZ,中小板
002693.SZ,中小板
002694.SZ,中小板
002695.SZ,中小板
002696.SZ,中小板
002697.SZ,中小板
002698.SZ,中小板
002699.SZ,中小板
002700.SZ,中小板
002701.SZ,中小板
002702.SZ,中小板
002703.SZ,中小板
002705.SZ,中小板
002706.SZ,中小板
002707.SZ,中小板
002708.SZ,中小板
002709.SZ,中小板
002711.SZ,中小板
002712.SZ,中小板
002713.SZ,中小板
002714.SZ,中小板
002715.SZ,中小板
002716.SZ,中小板
002717.SZ,中小板
002718.SZ,中小板
002719.SZ,中小板
002721.SZ,中小板
002722.SZ,中小板
002723.SZ,中小板
002724.SZ,中小板
002725.SZ,中小板
002726.SZ,中小板
002727.SZ,中小板
002728.SZ,中小板
002729.SZ,中小板
002730.SZ,中小板
002731.SZ,中小板
002732.SZ,中小板
002733.SZ,中小板
002734.SZ,中小板
002735.SZ,中小板
002736.SZ,中小板
002737.SZ,中小板
002738.SZ,中小板
002739.SZ,中小板
002740.SZ,中小板
002741.SZ,中小板
002742.SZ,中小板
002743.SZ,中小板
002745.SZ,中小板
002746.SZ,中小板
002747.SZ,中小板
002748.SZ,中小板
002749.SZ,中小板
002750.SZ,中小板
002751.SZ,中小板
002752.SZ,中小板
002753.SZ,中小板
002755.SZ,中小板
002756.SZ,中小板
002757.SZ,中小板
002758.SZ,中小板
002759.SZ,中小板
002760.SZ,中小板
002761.SZ,中小板
002762.SZ,中小板
002763.SZ,中小板
002765.SZ,中小板
002766.SZ,中小板
002767.SZ,中小板
002768.SZ,中小板
002769.SZ,中小板
002770.SZ,中小板
002771.SZ,中小板
002772.SZ,中小板
002773.SZ,中小板
002774.SZ,中小板
002775.SZ,中小板
002776.SZ,中小板
002777.SZ,中小板
002778.SZ,中小板
002779.SZ,中小板
002780.SZ,中小板
002781.SZ,中小板
002782.SZ,中小板
002783.SZ,中小板
002785.SZ,中小板
002786.SZ,中小板
002787.SZ,中小板
002788.SZ,中小板
002789.SZ,中小板
002790.SZ,中小板
002791.SZ,中小板
002792.SZ,中小板
002793.SZ,中小板
002795.SZ,中小板
002796.SZ,中小板
002797.SZ,中小板
002798.SZ,中小板
002799.SZ,中小板
002800.SZ,中小板
002801.SZ,中小板
002802.SZ,中小板
002803.SZ,中小板
002805.SZ,中小板
002806.SZ,中小板
002807.SZ,中小板
002808.SZ,中小板
002809.SZ,中小板
002810.SZ,中小板
002811.SZ,中小板
002812.SZ,中小板
002813.SZ,中小板
002815.SZ,中小板
002816.SZ,中小板
002817.SZ,中小板
002818.SZ,中小板
002819.SZ,中小板
002820.SZ,中小板
002821.SZ,中小板
002822.SZ,中小板
002823.SZ,中小板
002824.SZ,中小板
002825.SZ,中小板
002826.SZ,中小板
002827.SZ,中小板
002828.SZ,中小板
002829.SZ,中小板
002830.SZ,中小板
002831.SZ,中小板
002832.SZ,中小板
002833.SZ,中小板
002835.SZ,中小板
002836.SZ,中小板
002837.SZ,中小板
002838.SZ,中小板
002839.SZ,中小板
002840.SZ,中小板
002841.SZ,中小板
002842.SZ,中小板
002843.SZ,中小板
002845.SZ,中小板
002846.SZ,中小板
002847.SZ,中小板
002848.SZ,中小板
002849.SZ,中小板
002850.SZ,中小板
002851.SZ,中小板
002852.SZ,中小板
002853.SZ,中小板
002855.SZ,中小板
002856.SZ,中小板
002857.SZ,中小板
002858.SZ,中小板
002859.SZ,中小板
002860.SZ,中小板
002861.SZ,中小板
002862.SZ,中小板
002863.SZ,中小板
002864.SZ,中小板
002865.SZ,中小板
002866.SZ,中小板
002867.SZ,中小板
002868.SZ,中小板
002869.SZ,中小板
002870.SZ,中小板
002871.SZ,中小板
002872.SZ,中小板
002873.SZ,中小板
002875.SZ,中小板
002876.SZ,中小板
002877.SZ,中小板
002878.SZ,中小板
002879.SZ,中小板
002880.SZ,中小板
002881.SZ,中小板
002882.SZ,中小板
002883.SZ,中小板
002884.SZ,中小板
002885.SZ,中小板
002886.SZ,中小板
002887.SZ,中小板
002888.SZ,中小板
002889.SZ,中小板
002890.SZ,中小板
002891.SZ,中小板
002892.SZ,中小板
002893.SZ,中小板
002895.SZ,中小板
002896.SZ,中小板
002897.SZ,中小板
002898.SZ,中小板
002899.SZ,中小板
002900.SZ,中小板
002901.SZ,中小板
002902.SZ,中小板
002903.SZ,中小板
002905.SZ,中小板
002906.SZ,中小板
002907.SZ,中小板
002908.SZ,中小板
002909.SZ,中小板
002910.SZ,中小板
002911.SZ,中小板
002912.SZ,中小板
002913.SZ,中小板
002915.SZ,中小板
002916.SZ,中小板
002917.SZ,中小板
002918.SZ,中小板
002919.SZ,中小板
002920.SZ,中小板
002921.SZ,中小板
002922.SZ,中小板
002923.SZ,中小板
002925.SZ,中小板
002926.SZ,中小板
002927.SZ,中小板
002928.SZ,中小板
002929.SZ,中小板
002930.SZ,中小板
002931.SZ,中小板
002932.SZ,中小板
002933.SZ,中小板
002935.SZ,中小板
002936.SZ,中小板
002937.SZ,中小板
002938.SZ,中小板
002939.SZ,中小板
002940.SZ,中小板
002941.SZ,中小板
002942.SZ,中小板
002943.SZ,中小板
300001.SZ,创业板
300002.SZ,创业板
300003.SZ,创业板
300004.SZ,创业板
300005.SZ,创业板
300006.SZ,创业板
300007.SZ,创业板
300008.SZ,创业板
300009.SZ,创业板
300010.SZ,创业板
300011.SZ,创业板
300012.SZ,创业板
300013.SZ,创业板
300014.SZ,创业板
300015.SZ,创业板
300016.SZ,创业板
300017.SZ,创业板
300018.SZ,创业板
300019.SZ,创业板
300020.SZ,创业板
300021.SZ,创业板
300022.SZ,创业板
300023.SZ,创业板
300024.SZ,创业板
300025.SZ,创业板
300026.SZ,创业板
300027.SZ,创业板
300029.SZ,创业板
300030.SZ,创业板
300031.SZ,创业板
300032.SZ,创业板
300033.SZ,创业板
300034.SZ,创业板
300035.SZ,创业板
300036.SZ,创业板
300037.SZ,创业板
300038.SZ,创业板
300039.SZ,创业板
300040.SZ,创业板
300041.SZ,创业板
300042.SZ,创业板
300043.SZ,创业板
300044.SZ,创业板
300045.SZ,创业板
300046.SZ,创业板
300047.SZ,创业板
300048.SZ,创业板
300049.SZ,创业板
300050.SZ,创业板
300051.SZ,创业板
300052.SZ,创业板
300053.SZ,创业板
300054.SZ,创业板
300055.SZ,创业板
300056.SZ,创业板
300057.SZ,创业板
300058.SZ,创业板
300059.SZ,创业板
300061.SZ,创业板
300062.SZ,创业板
300063.SZ,创业板
300064.SZ,创业板
300065.SZ,创业板
300066.SZ,创业板
300067.SZ,创业板
300068.SZ,创业板
300069.SZ,创业板
300070.SZ,创业板
300071.SZ,创业板
300072.SZ,创业板
300073.SZ,创业板
300074.SZ,创业板
300075.SZ,创业板
300076.SZ,创业板
300077.SZ,创业板
300078.SZ,创业板
300079.SZ,创业板
300080.SZ,创业板
300081.SZ,创业板
300082.SZ,创业板
300083.SZ,创业板
300084.SZ,创业板
300085.SZ,创业板
300086.SZ,创业板
300087.SZ,创业板
300088.SZ,创业板
300089.SZ,创业板
300091.SZ,创业板
300092.SZ,创业板
300093.SZ,创业板
300094.SZ,创业板
300095.SZ,创业板
300096.SZ,创业板
300097.SZ,创业板
300098.SZ,创业板
300099.SZ,创业板
300100.SZ,创业板
300101.SZ,创业板
300102.SZ,创业板
300103.SZ,创业板
300105.SZ,创业板
300106.SZ,创业板
300107.SZ,创业板
300108.SZ,创业板
300109.SZ,创业板
300110.SZ,创业板
300111.SZ,创业板
300112.SZ,创业板
300113.SZ,创业板
300114.SZ,创业板
300115.SZ,创业板
300116.SZ,创业板
300117.SZ,创业板
300118.SZ,创业板
300119.SZ,创业板
300120.SZ,创业板
300121.SZ,创业板
300122.SZ,创业板
300123.SZ,创业板
300124.SZ,创业板
300125.SZ,创业板
300126.SZ,创业板
300127.SZ,创业板
300128.SZ,创业板
300129.SZ,创业板
300130.SZ,创业板
300131.SZ,创业板
300132.SZ,创业板
300133.SZ,创业板
300134.SZ,创业板
300135.SZ,创业板
300136.SZ,创业板
300137.SZ,创业板
300138.SZ,创业板
300139.SZ,创业板
300140.SZ,创业板
300141.SZ,创业板
300142.SZ,创业板
300143.SZ,创业板
300144.SZ,创业板
300145.SZ,创业板
300146.SZ,创业板
300147.SZ,创业板
300148.SZ,创业板
300149.SZ,创业板
300150.SZ,创业板
300151.SZ,创业板
300152.SZ,创业板
300153.SZ,创业板
300154.SZ,创业板
300155.SZ,创业板
300157.SZ,创业板
300158.SZ,创业板
300159.SZ,创业板
300160.SZ,创业板
300161.SZ,创业板
300162.SZ,创业板
300163.SZ,创业板
300164.SZ,创业板
300165.SZ,创业板
300166.SZ,创业板
300167.SZ,创业板
300168.SZ,创业板
300169.SZ,创业板
300170.SZ,创业板
300171.SZ,创业板
300172.SZ,创业板
300173.SZ,创业板
300174.SZ,创业板
300175.SZ,创业板
300176.SZ,创业板
300177.SZ,创业板
300178.SZ,创业板
300179.SZ,创业板
300180.SZ,创业板
300181.SZ,创业板
300182.SZ,创业板
300183.SZ,创业板
300184.SZ,创业板
300185.SZ,创业板
300187.SZ,创业板
300188.SZ,创业板
300189.SZ,创业板
300190.SZ,创业板
300191.SZ,创业板
300192.SZ,创业板
300193.SZ,创业板
300194.SZ,创业板
300195.SZ,创业板
300196.SZ,创业板
300197.SZ,创业板
300198.SZ,创业板
300199.SZ,创业板
300200.SZ,创业板
300201.SZ,创业板
300202.SZ,创业板
300203.SZ,创业板
300204.SZ,创业板
300205.SZ,创业板
300206.SZ,创业板
300207.SZ,创业板
300208.SZ,创业板
300209.SZ,创业板
300210.SZ,创业板
300211.SZ,创业板
300212.SZ,创业板
300213.SZ,创业板
300214.SZ,创业板
300215.SZ,创业板
300217.SZ,创业板
300218.SZ,创业板
300219.SZ,创业板
300220.SZ,创业板
300221.SZ,创业板
300222.SZ,创业板
300223.SZ,创业板
300224.SZ,创业板
300225.SZ,创业板
300226.SZ,创业板
300227.SZ,创业板
300228.SZ,创业板
300229.SZ,创业板
300230.SZ,创业板
300231.SZ,创业板
300232.SZ,创业板
300233.SZ,创业板
300234.SZ,创业板
300235.SZ,创业板
300236.SZ,创业板
300237.SZ,创业板
300238.SZ,创业板
300239.SZ,创业板
300240.SZ,创业板
300241.SZ,创业板
300242.SZ,创业板
300243.SZ,创业板
300244.SZ,创业板
300245.SZ,创业板
300246.SZ,创业板
300247.SZ,创业板
300248.SZ,创业板
300249.SZ,创业板
300250.SZ,创业板
300251.SZ,创业板
300252.SZ,创业板
300253.SZ,创业板
300254.SZ,创业板
300255.SZ,创业板
300256.SZ,创业板
300257.SZ,创业板
300258.SZ,创业板
300259.SZ,创业板
300260.SZ,创业板
300261.SZ,创业板
300262.SZ,创业板
300263.SZ,创业板
300264.SZ,创业板
300265.SZ,创业板
300266.SZ,创业板
300267.SZ,创业板
300268.SZ,创业板
300269.SZ,创业板
300270.SZ,创业板
300271.SZ,创业板
300272.SZ,创业板
300273.SZ,创业板
300274.SZ,创业板
300275.SZ,创业板
300276.SZ,创业板
300277.SZ,创业板
300278.SZ,创业板
300279.SZ,创业板
300280.SZ,创业板
300281.SZ,创业板
300282.SZ,创业板
300283.SZ,创业板
300284.SZ,创业板
300285.SZ,创业板
300286.SZ,创业板
300287.SZ,创业板
300288.SZ,创业板
300289.SZ,创业板
300290.SZ,创业板
300291.SZ,创业板
300292.SZ,创业板
300293.SZ,创业板
300294.SZ,创业板
300295.SZ,创业板
300296.SZ,创业板
300297.SZ,创业板
300298.SZ,创业板
300299.SZ,创业板
300300.SZ,创业板
300301.SZ,创业板
300302.SZ,创业板
300303.SZ,创业板
300304.SZ,创业板
300305.SZ,创业板
300306.SZ,创业板
300307.SZ,创业板
300308.SZ,创业板
300309.SZ,创业板
300310.SZ,创业板
300311.SZ,创业板
300312.SZ,创业板
300313.SZ,创业板
300314.SZ,创业板
300315.SZ,创业板
300316.SZ,创业板
300317.SZ,创业板
300318.SZ,创业板
300319.SZ,创业板
300320.SZ,创业板
300321.SZ,创业板
300322.SZ,创业板
300323.SZ,创业板
300324.SZ,创业板
300325.SZ,创业板
300326.SZ,创业板
300327.SZ,创业板
300328.SZ,创业板
300329.SZ,创业板
300330.SZ,创业板
300331.SZ,创业板
300332.SZ,创业板
300333.SZ,创业板
300334.SZ,创业板
300335.SZ,创业板
300336.SZ,创业板
300337.SZ,创业板
300338.SZ,创业板
300339.SZ,创业板
300340.SZ,创业板
300341.SZ,创业板
300342.SZ,创业板
300343.SZ,创业板
300344.SZ,创业板
300345.SZ,创业板
300346.SZ,创业板
300347.SZ,创业板
300348.SZ,创业板
300349.SZ,创业板
300350.SZ,创业板
300351.SZ,创业板
300352.SZ,创业板
300353.SZ,创业板
300354.SZ,创业板
300355.SZ,创业板
300356.SZ,创业板
300357.SZ,创业板
300358.SZ,创业板
300359.SZ,创业板
300360.SZ,创业板
300362.SZ,创业板
300363.SZ,创业板
300364.SZ,创业板
300365.SZ,创业板
300366.SZ,创业板
300367.SZ,创业板
300368.SZ,创业板
300369.SZ,创业板
300370.SZ,创业板
300371.SZ,创业板
300373.SZ,创业板
300374.SZ,创业板
300375.SZ,创业板
300376.SZ,创业板
300377.SZ,创业板
300378.SZ,创业板
300379.SZ,创业板
300380.SZ,创业板
300381.SZ,创业板
300382.SZ,创业板
300383.SZ,创业板
300384.SZ,创业板
300385.SZ,创业板
300386.SZ,创业板
300387.SZ,创业板
300388.SZ,创业板
300389.SZ,创业板
300390.SZ,创业板
300391.SZ,创业板
300392.SZ,创业板
300393.SZ,创业板
300394.SZ,创业板
300395.SZ,创业板
300396.SZ,创业板
300397.SZ,创业板
300398.SZ,创业板
300399.SZ,创业板
300400.SZ,创业板
300401.SZ,创业板
300402.SZ,创业板
300403.SZ,创业板
300404.SZ,创业板
300405.SZ,创业板
300406.SZ,创业板
300407.SZ,创业板
300408.SZ,创业板
300409.SZ,创业板
300410.SZ,创业板
300411.SZ,创业板
300412.SZ,创业板
300413.SZ,创业板
300414.SZ,创业板
300415.SZ,创业板
300416.SZ,创业板
300417.SZ,创业板
300418.SZ,创业板
300419.SZ,创业板
300420.SZ,创业板
300421.SZ,创业板
300422.SZ,创业板
300423.SZ,创业板
300424.SZ,创业板
300425.SZ,创业板
300426.SZ,创业板
300427.SZ,创业板
300428.SZ,创业板
300429.SZ,创业板
300430.SZ,创业板
300432.SZ,创业板
300433.SZ,创业板
300434.SZ,创业板
300435.SZ,创业板
300436.SZ,创业板
300437.SZ,创业板
300438.SZ,创业板
300439.SZ,创业板
300440.SZ,创业板
300441.SZ,创业板
300442.SZ,创业板
300443.SZ,创业板
300444.SZ,创业板
300445.SZ,创业板
300446.SZ,创业板
300447.SZ,创业板
300448.SZ,创业板
300449.SZ,创业板
300450.SZ,创业板
300451.SZ,创业板
300452.SZ,创业板
300453.SZ,创业板
300454.SZ,创业板
300455.SZ,创业板
300456.SZ,创业板
300457.SZ,创业板
300458.SZ,创业板
300459.SZ,创业板
300460.SZ,创业板
300461.SZ,创业板
300462.SZ,创业板
300463.SZ,创业板
300464.SZ,创业板
300465.SZ,创业板
300466.SZ,创业板
300467.SZ,创业板
300468.SZ,创业板
300469.SZ,创业板
300470.SZ,创业板
300471.SZ,创业板
300472.SZ,创业板
300473.SZ,创业板
300474.SZ,创业板
300475.SZ,创业板
300476.SZ,创业板
300477.SZ,创业板
300478.SZ,创业板
300479.SZ,创业板
300480.SZ,创业板
300481.SZ,创业板
300482.SZ,创业板
300483.SZ,创业板
300484.SZ,创业板
300485.SZ,创业板
300486.SZ,创业板
300487.SZ,创业板
300488.SZ,创业板
300489.SZ,创业板
300490.SZ,创业板
300491.SZ,创业板
300492.SZ,创业板
300493.SZ,创业板
300494.SZ,创业板
300495.SZ,创业板
300496.SZ,创业板
300497.SZ,创业板
300498.SZ,创业板
300499.SZ,创业板
300500.SZ,创业板
300501.SZ,创业板
300502.SZ,创业板
300503.SZ,创业板
300504.SZ,创业板
300505.SZ,创业板
300506.SZ,创业板
300507.SZ,创业板
300508.SZ,创业板
300509.SZ,创业板
300510.SZ,创业板
300511.SZ,创业板
300512.SZ,创业板
300513.SZ,创业板
300514.SZ,创业板
300515.SZ,创业板
300516.SZ,创业板
300517.SZ,创业板
300518.SZ,创业板
300519.SZ,创业板
300520.SZ,创业板
300521.SZ,创业板
300522.SZ,创业板
300523.SZ,创业板
300525.SZ,创业板
300526.SZ,创业板
300527.SZ,创业板
300528.SZ,创业板
300529.SZ,创业板
300530.SZ,创业板
300531.SZ,创业板
300532.SZ,创业板
300533.SZ,创业板
300534.SZ,创业板
300535.SZ,创业板
300536.SZ,创业板
300537.SZ,创业板
300538.SZ,创业板
300539.SZ,创业板
300540.SZ,创业板
300541.SZ,创业板
300542.SZ,创业板
300543.SZ,创业板
300545.SZ,创业板
300546.SZ,创业板
300547.SZ,创业板
300548.SZ,创业板
300549.SZ,创业板
300550.SZ,创业板
300551.SZ,创业板
300552.SZ,创业板
300553.SZ,创业板
300554.SZ,创业板
300555.SZ,创业板
300556.SZ,创业板
300557.SZ,创业板
300558.SZ,创业板
300559.SZ,创业板
300560.SZ,创业板
300561.SZ,创业板
300562.SZ,创业板
300563.SZ,创业板
300565.SZ,创业板
300566.SZ,创业板
300567.SZ,创业板
300568.SZ,创业板
300569.SZ,创业板
300570.SZ,创业板
300571.SZ,创业板
300572.SZ,创业板
300573.SZ,创业板
300575.SZ,创业板
300576.SZ,创业板
300577.SZ,创业板
300578.SZ,创业板
300579.SZ,创业板
300580.SZ,创业板
300581.SZ,创业板
300582.SZ,创业板
300583.SZ,创业板
300584.SZ,创业板
300585.SZ,创业板
300586.SZ,创业板
300587.SZ,创业板
300588.SZ,创业板
300589.SZ,创业板
300590.SZ,创业板
300591.SZ,创业板
300592.SZ,创业板
300593.SZ,创业板
300595.SZ,创业板
300596.SZ,创业板
300597.SZ,创业板
300598.SZ,创业板
300599.SZ,创业板
300600.SZ,创业板
300601.SZ,创业板
300602.SZ,创业板
300603.SZ,创业板
300604.SZ,创业板
300605.SZ,创业板
300606.SZ,创业板
300607.SZ,创业板
300608.SZ,创业板
300609.SZ,创业板
300610.SZ,创业板
300611.SZ,创业板
300612.SZ,创业板
300613.SZ,创业板
300615.SZ,创业板
300616.SZ,创业板
300617.SZ,创业板
300618.SZ,创业板
300619.SZ,创业板
300620.SZ,创业板
300621.SZ,创业板
300622.SZ,创业板
300623.SZ,创业板
300624.SZ,创业板
300625.SZ,创业板
300626.SZ,创业板
300627.SZ,创业板
300628.SZ,创业板
300629.SZ,创业板
300630.SZ,创业板
300631.SZ,创业板
300632.SZ,创业板
300633.SZ,创业板
300634.SZ,创业板
300635.SZ,创业板
300636.SZ,创业板
300637.SZ,创业板
300638.SZ,创业板
300639.SZ,创业板
300640.SZ,创业板
300641.SZ,创业板
300642.SZ,创业板
300643.SZ,创业板
300644.SZ,创业板
300645.SZ,创业板
300647.SZ,创业板
300648.SZ,创业板
300649.SZ,创业板
300650.SZ,创业板
300651.SZ,创业板
300652.SZ,创业板
300653.SZ,创业板
300654.SZ,创业板
300655.SZ,创业板
300656.SZ,创业板
300657.SZ,创业板
300658.SZ,创业板
300659.SZ,创业板
300660.SZ,创业板
300661.SZ,创业板
300662.SZ,创业板
300663.SZ,创业板
300664.SZ,创业板
300665.SZ,创业板
300666.SZ,创业板
300667.SZ,创业板
300668.SZ,创业板
300669.SZ,创业板
300670.SZ,创业板
300671.SZ,创业板
300672.SZ,创业板
300673.SZ,创业板
300674.SZ,创业板
300675.SZ,创业板
300676.SZ,创业板
300677.SZ,创业板
300678.SZ,创业板
300679.SZ,创业板
300680.SZ,创业板
300681.SZ,创业板
300682.SZ,创业板
300683.SZ,创业板
300684.SZ,创业板
300685.SZ,创业板
300686.SZ,创业板
300687.SZ,创业板
300688.SZ,创业板
300689.SZ,创业板
300690.SZ,创业板
300691.SZ,创业板
300692.SZ,创业板
300693.SZ,创业板
300694.SZ,创业板
300695.SZ,创业板
300696.SZ,创业板
300697.SZ,创业板
300698.SZ,创业板
300699.SZ,创业板
300700.SZ,创业板
300701.SZ,创业板
300702.SZ,创业板
300703.SZ,创业板
300705.SZ,创业板
300706.SZ,创业板
300707.SZ,创业板
300708.SZ,创业板
300709.SZ,创业板
300710.SZ,创业板
300711.SZ,创业板
300712.SZ,创业板
300713.SZ,创业板
300715.SZ,创业板
300716.SZ,创业板
300717.SZ,创业板
300718.SZ,创业板
300719.SZ,创业板
300720.SZ,创业板
300721.SZ,创业板
300722.SZ,创业板
300723.SZ,创业板
300724.SZ,创业板
300725.SZ,创业板
300726.SZ,创业板
300727.SZ,创业板
300729.SZ,创业板
300730.SZ,创业板
300731.SZ,创业板
300732.SZ,创业板
300733.SZ,创业板
300735.SZ,创业板
300736.SZ,创业板
300737.SZ,创业板
300738.SZ,创业板
300739.SZ,创业板
300740.SZ,创业板
300741.SZ,创业板
300742.SZ,创业板
300743.SZ,创业板
300745.SZ,创业板
300746.SZ,创业板
300747.SZ,创业板
300748.SZ,创业板
300749.SZ,创业板
300750.SZ,创业板
300751.SZ,创业板
300752.SZ,创业板
300753.SZ,创业板
300756.SZ,创业板
300760.SZ,创业板
600000.SH,主板
600004.SH,主板
600006.SH,主板
600007.SH,主板
600008.SH,主板
600009.SH,主板
600010.SH,主板
600011.SH,主板
600012.SH,主板
600015.SH,主板
600016.SH,主板
600017.SH,主板
600018.SH,主板
600019.SH,主板
600020.SH,主板
600021.SH,主板
600022.SH,主板
600023.SH,主板
600025.SH,主板
600026.SH,主板
600027.SH,主板
600028.SH,主板
600029.SH,主板
600030.SH,主板
600031.SH,主板
600033.SH,主板
600035.SH,主板
600036.SH,主板
600037.SH,主板
600038.SH,主板
600039.SH,主板
600048.SH,主板
600050.SH,主板
600051.SH,主板
600052.SH,主板
600053.SH,主板
600054.SH,主板
600055.SH,主板
600056.SH,主板
600057.SH,主板
600058.SH,主板
600059.SH,主板
600060.SH,主板
600061.SH,主板
600062.SH,主板
600063.SH,主板
600064.SH,主板
600066.SH,主板
600067.SH,主板
600068.SH,主板
600070.SH,主板
600071.SH,主板
600072.SH,主板
600073.SH,主板
600075.SH,主板
600076.SH,主板
600077.SH,主板
600078.SH,主板
600079.SH,主板
600080.SH,主板
600081.SH,主板
600082.SH,主板
600083.SH,主板
600084.SH,主板
600085.SH,主板
600088.SH,主板
600089.SH,主板
600090.SH,主板
600091.SH,主板
600093.SH,主板
600094.SH,主板
600095.SH,主板
600096.SH,主板
600097.SH,主板
600098.SH,主板
600099.SH,主板
600100.SH,主板
600101.SH,主板
600103.SH,主板
600104.SH,主板
600105.SH,主板
600106.SH,主板
600107.SH,主板
600108.SH,主板
600109.SH,主板
600110.SH,主板
600111.SH,主板
600112.SH,主板
600113.SH,主板
600114.SH,主板
600115.SH,主板
600116.SH,主板
600117.SH,主板
600118.SH,主板
600119.SH,主板
600120.SH,主板
600121.SH,主板
600122.SH,主板
600123.SH,主板
600125.SH,主板
600126.SH,主板
600127.SH,主板
600128.SH,主板
600129.SH,主板
600130.SH,主板
600131.SH,主板
600132.SH,主板
600133.SH,主板
600135.SH,主板
600136.SH,主板
600137.SH,主板
600138.SH,主板
600139.SH,主板
600141.SH,主板
600143.SH,主板
600145.SH,主板
600146.SH,主板
600148.SH,主板
600149.SH,主板
600150.SH,主板
600151.SH,主板
600152.SH,主板
600153.SH,主板
600155.SH,主板
600156.SH,主板
600157.SH,主板
600158.SH,主板
600159.SH,主板
600160.SH,主板
600161.SH,主板
600162.SH,主板
600163.SH,主板
600165.SH,主板
600166.SH,主板
600167.SH,主板
600168.SH,主板
600169.SH,主板
600170.SH,主板
600171.SH,主板
600172.SH,主板
600173.SH,主板
600176.SH,主板
600177.SH,主板
600178.SH,主板
600179.SH,主板
600180.SH,主板
600182.SH,主板
600183.SH,主板
600184.SH,主板
600185.SH,主板
600186.SH,主板
600187.SH,主板
600188.SH,主板
600189.SH,主板
600190.SH,主板
600191.SH,主板
600192.SH,主板
600193.SH,主板
600195.SH,主板
600196.SH,主板
600197.SH,主板
600198.SH,主板
600199.SH,主板
600200.SH,主板
600201.SH,主板
600202.SH,主板
600203.SH,主板
600206.SH,主板
600207.SH,主板
600208.SH,主板
600209.SH,主板
600210.SH,主板
600211.SH,主板
600212.SH,主板
600213.SH,主板
600215.SH,主板
600216.SH,主板
600217.SH,主板
600218.SH,主板
600219.SH,主板
600220.SH,主板
600221.SH,主板
600222.SH,主板
600223.SH,主板
600225.SH,主板
600226.SH,主板
600227.SH,主板
600228.SH,主板
600229.SH,主板
600230.SH,主板
600231.SH,主板
600232.SH,主板
600233.SH,主板
600234.SH,主板
600235.SH,主板
600236.SH,主板
600237.SH,主板
600238.SH,主板
600239.SH,主板
600241.SH,主板
600242.SH,主板
600243.SH,主板
600246.SH,主板
600248.SH,主板
600249.SH,主板
600250.SH,主板
600251.SH,主板
600252.SH,主板
600255.SH,主板
600256.SH,主板
600257.SH,主板
600258.SH,主板
600259.SH,主板
600260.SH,主板
600261.SH,主板
600262.SH,主板
600265.SH,主板
600266.SH,主板
600267.SH,主板
600268.SH,主板
600269.SH,主板
600271.SH,主板
600272.SH,主板
600273.SH,主板
600275.SH,主板
600276.SH,主板
600277.SH,主板
600278.SH,主板
600279.SH,主板
600280.SH,主板
600281.SH,主板
600282.SH,主板
600283.SH,主板
600284.SH,主板
600285.SH,主板
600287.SH,主板
600288.SH,主板
600289.SH,主板
600290.SH,主板
600291.SH,主板
600292.SH,主板
600293.SH,主板
600295.SH,主板
600297.SH,主板
600298.SH,主板
600299.SH,主板
600300.SH,主板
600301.SH,主板
600302.SH,主板
600303.SH,主板
600305.SH,主板
600306.SH,主板
600307.SH,主板
600308.SH,主板
600309.SH,主板
600310.SH,主板
600311.SH,主板
600312.SH,主板
600313.SH,主板
600315.SH,主板
600316.SH,主板
600318.SH,主板
600319.SH,主板
600320.SH,主板
600321.SH,主板
600322.SH,主板
600323.SH,主板
600325.SH,主板
600326.SH,主板
600327.SH,主板
600328.SH,主板
600329.SH,主板
600330.SH,主板
600331.SH,主板
600332.SH,主板
600333.SH,主板
600335.SH,主板
600336.SH,主板
600337.SH,主板
600338.SH,主板
600339.SH,主板
600340.SH,主板
600343.SH,主板
600345.SH,主板
600346.SH,主板
600348.SH,主板
600350.SH,主板
600351.SH,主板
600352.SH,主板
600353.SH,主板
600354.SH,主板
600355.SH,主板
600356.SH,主板
600358.SH,主板
600359.SH,主板
600360.SH,主板
600361.SH,主板
600362.SH,主板
600363.SH,主板
600365.SH,主板
600366.SH,主板
600367.SH,主板
600368.SH,主板
600369.SH,主板
600370.SH,主板
600371.SH,主板
600372.SH,主板
600373.SH,主板
600375.SH,主板
600376.SH,主板
600377.SH,主板
600378.SH,主板
600379.SH,主板
600380.SH,主板
600381.SH,主板
600382.SH,主板
600383.SH,主板
600385.SH,主板
600386.SH,主板
600387.SH,主板
600388.SH,主板
600389.SH,主板
600390.SH,主板
600391.SH,主板
600392.SH,主板
600393.SH,主板
600395.SH,主板
600396.SH,主板
600397.SH,主板
600398.SH,主板
600399.SH,主板
600400.SH,主板
600403.SH,主板
600405.SH,主板
600406.SH,主板
600408.SH,主板
600409.SH,主板
600410.SH,主板
600415.SH,主板
600416.SH,主板
600418.SH,主板
600419.SH,主板
600420.SH,主板
600421.SH,主板
600422.SH,主板
600423.SH,主板
600425.SH,主板
600426.SH,主板
600428.SH,主板
600429.SH,主板
600433.SH,主板
600435.SH,主板
600436.SH,主板
600438.SH,主板
600439.SH,主板
600444.SH,主板
600446.SH,主板
600448.SH,主板
600449.SH,主板
600452.SH,主板
600455.SH,主板
600456.SH,主板
600458.SH,主板
600459.SH,主板
600460.SH,主板
600461.SH,主板
600462.SH,主板
600463.SH,主板
600466.SH,主板
600467.SH,主板
600468.SH,主板
600469.SH,主板
600470.SH,主板
600475.SH,主板
600476.SH,主板
600477.SH,主板
600478.SH,主板
600479.SH,主板
600480.SH,主板
600481.SH,主板
600482.SH,主板
600483.SH,主板
600485.SH,主板
600486.SH,主板
600487.SH,主板
600488.SH,主板
600489.SH,主板
600490.SH,主板
600491.SH,主板
600493.SH,主板
600495.SH,主板
600496.SH,主板
600497.SH,主板
600498.SH,主板
600499.SH,主板
600500.SH,主板
600501.SH,主板
600502.SH,主板
600503.SH,主板
600505.SH,主板
600506.SH,主板
600507.SH,主板
600508.SH,主板
600509.SH,主板
600510.SH,主板
600511.SH,主板
600512.SH,主板
600513.SH,主板
600515.SH,主板
600516.SH,主板
600517.SH,主板
600518.SH,主板
600519.SH,主板
600520.SH,主板
600521.SH,主板
600522.SH,主板
600523.SH,主板
600525.SH,主板
600526.SH,主板
600527.SH,主板
600528.SH,主板
600529.SH,主板
600530.SH,主板
600531.SH,主板
600532.SH,主板
600533.SH,主板
600535.SH,主板
600536.SH,主板
600537.SH,主板
600538.SH,主板
600539.SH,主板
600540.SH,主板
600543.SH,主板
600545.SH,主板
600546.SH,主板
600547.SH,主板
600548.SH,主板
600549.SH,主板
600550.SH,主板
600551.SH,主板
600552.SH,主板
600555.SH,主板
600556.SH,主板
600557.SH,主板
600558.SH,主板
600559.SH,主板
600560.SH,主板
600561.SH,主板
600562.SH,主板
600563.SH,主板
600565.SH,主板
600566.SH,主板
600567.SH,主板
600568.SH,主板
600569.SH,主板
600570.SH,主板
600571.SH,主板
600572.SH,主板
600573.SH,主板
600575.SH,主板
600576.SH,主板
600577.SH,主板
600578.SH,主板
600579.SH,主板
600580.SH,主板
600581.SH,主板
600582.SH,主板
600583.SH,主板
600584.SH,主板
600585.SH,主板
600586.SH,主板
600587.SH,主板
600588.SH,主板
600589.SH,主板
600590.SH,主板
600592.SH,主板
600593.SH,主板
600594.SH,主板
600595.SH,主板
600596.SH,主板
600597.SH,主板
600598.SH,主板
600599.SH,主板
600600.SH,主板
600601.SH,主板
600602.SH,主板
600603.SH,主板
600604.SH,主板
600605.SH,主板
600606.SH,主板
600608.SH,主板
600609.SH,主板
600610.SH,主板
600611.SH,主板
600612.SH,主板
600613.SH,主板
600614.SH,主板
600615.SH,主板
600616.SH,主板
600617.SH,主板
600618.SH,主板
600619.SH,主板
600620.SH,主板
600621.SH,主板
600622.SH,主板
600623.SH,主板
600624.SH,主板
600626.SH,主板
600628.SH,主板
600629.SH,主板
600630.SH,主板
600633.SH,主板
600634.SH,主板
600635.SH,主板
600636.SH,主板
600637.SH,主板
600638.SH,主板
600639.SH,主板
600640.SH,主板
600641.SH,主板
600642.SH,主板
600643.SH,主板
600644.SH,主板
600645.SH,主板
600647.SH,主板
600648.SH,主板
600649.SH,主板
600650.SH,主板
600651.SH,主板
600652.SH,主板
600653.SH,主板
600654.SH,主板
600655.SH,主板
600657.SH,主板
600658.SH,主板
600660.SH,主板
600661.SH,主板
600662.SH,主板
600663.SH,主板
600664.SH,主板
600665.SH,主板
600666.SH,主板
600667.SH,主板
600668.SH,主板
600671.SH,主板
600673.SH,主板
600674.SH,主板
600675.SH,主板
600676.SH,主板
600678.SH,主板
600679.SH,主板
600681.SH,主板
600682.SH,主板
600683.SH,主板
600684.SH,主板
600685.SH,主板
600686.SH,主板
600688.SH,主板
600689.SH,主板
600690.SH,主板
600691.SH,主板
600692.SH,主板
600693.SH,主板
600694.SH,主板
600695.SH,主板
600696.SH,主板
600697.SH,主板
600698.SH,主板
600699.SH,主板
600701.SH,主板
600702.SH,主板
600703.SH,主板
600704.SH,主板
600705.SH,主板
600706.SH,主板
600707.SH,主板
600708.SH,主板
600710.SH,主板
600711.SH,主板
600712.SH,主板
600713.SH,主板
600714.SH,主板
600715.SH,主板
600716.SH,主板
600717.SH,主板
600718.SH,主板
600719.SH,主板
600720.SH,主板
600721.SH,主板
600722.SH,主板
600723.SH,主板
600724.SH,主板
600725.SH,主板
600726.SH,主板
600727.SH,主板
600728.SH,主板
600729.SH,主板
600730.SH,主板
600731.SH,主板
600732.SH,主板
600733.SH,主板
600734.SH,主板
600735.SH,主板
600736.SH,主板
600737.SH,主板
600738.SH,主板
600739.SH,主板
600740.SH,主板
600741.SH,主板
600742.SH,主板
600743.SH,主板
600744.SH,主板
600745.SH,主板
600746.SH,主板
600748.SH,主板
600749.SH,主板
600750.SH,主板
600751.SH,主板
600753.SH,主板
600754.SH,主板
600755.SH,主板
600756.SH,主板
600757.SH,主板
600758.SH,主板
600759.SH,主板
600760.SH,主板
600761.SH,主板
600763.SH,主板
600764.SH,主板
600765.SH,主板
600766.SH,主板
600767.SH,主板
600768.SH,主板
600769.SH,主板
600770.SH,主板
600771.SH,主板
600773.SH,主板
600774.SH,主板
600775.SH,主板
600776.SH,主板
600777.SH,主板
600778.SH,主板
600779.SH,主板
600780.SH,主板
600781.SH,主板
600782.SH,主板
600783.SH,主板
600784.SH,主板
600785.SH,主板
600787.SH,主板
600789.SH,主板
600790.SH,主板
600791.SH,主板
600792.SH,主板
600793.SH,主板
600794.SH,主板
600795.SH,主板
600796.SH,主板
600797.SH,主板
600798.SH,主板
600800.SH,主板
600801.SH,主板
600802.SH,主板
600803.SH,主板
600804.SH,主板
600805.SH,主板
600807.SH,主板
600808.SH,主板
600809.SH,主板
600810.SH,主板
600811.SH,主板
600812.SH,主板
600814.SH,主板
600815.SH,主板
600816.SH,主板
600817.SH,主板
600818.SH,主板
600819.SH,主板
600820.SH,主板
600821.SH,主板
600822.SH,主板
600823.SH,主板
600824.SH,主板
600825.SH,主板
600826.SH,主板
600827.SH,主板
600828.SH,主板
600829.SH,主板
600830.SH,主板
600831.SH,主板
600833.SH,主板
600834.SH,主板
600835.SH,主板
600836.SH,主板
600837.SH,主板
600838.SH,主板
600839.SH,主板
600841.SH,主板
600843.SH,主板
600844.SH,主板
600845.SH,主板
600846.SH,主板
600847.SH,主板
600848.SH,主板
600850.SH,主板
600851.SH,主板
600853.SH,主板
600854.SH,主板
600855.SH,主板
600856.SH,主板
600857.SH,主板
600858.SH,主板
600859.SH,主板
600860.SH,主板
600861.SH,主板
600862.SH,主板
600863.SH,主板
600864.SH,主板
600865.SH,主板
600866.SH,主板
600867.SH,主板
600868.SH,主板
600869.SH,主板
600870.SH,主板
600871.SH,主板
600872.SH,主板
600873.SH,主板
600874.SH,主板
600875.SH,主板
600876.SH,主板
600877.SH,主板
600879.SH,主板
600880.SH,主板
600881.SH,主板
600882.SH,主板
600883.SH,主板
600884.SH,主板
600885.SH,主板
600886.SH,主板
600887.SH,主板
600888.SH,主板
600889.SH,主板
600890.SH,主板
600891.SH,主板
600892.SH,主板
600893.SH,主板
600894.SH,主板
600895.SH,主板
600896.SH,主板
600897.SH,主板
600898.SH,主板
600900.SH,主板
600901.SH,主板
600903.SH,主板
600908.SH,主板
600909.SH,主板
600917.SH,主板
600919.SH,主板
600926.SH,主板
600929.SH,主板
600933.SH,主板
600936.SH,主板
600939.SH,主板
600958.SH,主板
600959.SH,主板
600960.SH,主板
600961.SH,主板
600962.SH,主板
600963.SH,主板
600965.SH,主板
600966.SH,主板
600967.SH,主板
600969.SH,主板
600970.SH,主板
600971.SH,主板
600973.SH,主板
600975.SH,主板
600976.SH,主板
600977.SH,主板
600979.SH,主板
600980.SH,主板
600981.SH,主板
600982.SH,主板
600983.SH,主板
600984.SH,主板
600985.SH,主板
600986.SH,主板
600987.SH,主板
600988.SH,主板
600990.SH,主板
600992.SH,主板
600993.SH,主板
600995.SH,主板
600996.SH,主板
600997.SH,主板
600998.SH,主板
600999.SH,主板
601000.SH,主板
601001.SH,主板
601002.SH,主板
601003.SH,主板
601005.SH,主板
601006.SH,主板
601007.SH,主板
601008.SH,主板
601009.SH,主板
601010.SH,主板
601011.SH,主板
601012.SH,主板
601015.SH,主板
601016.SH,主板
601018.SH,主板
601019.SH,主板
601020.SH,主板
601021.SH,主板
601028.SH,主板
601038.SH,主板
601058.SH,主板
601066.SH,主板
601068.SH,主板
601069.SH,主板
601086.SH,主板
601088.SH,主板
601098.SH,主板
601099.SH,主板
601100.SH,主板
601101.SH,主板
601106.SH,主板
601107.SH,主板
601108.SH,主板
601111.SH,主板
601113.SH,主板
601116.SH,主板
601117.SH,主板
601118.SH,主板
601126.SH,主板
601127.SH,主板
601128.SH,主板
601137.SH,主板
601138.SH,主板
601139.SH,主板
601155.SH,主板
601158.SH,主板
601162.SH,主板
601163.SH,主板
601166.SH,主板
601168.SH,主板
601169.SH,主板
601177.SH,主板
601179.SH,主板
601186.SH,主板
601188.SH,主板
601198.SH,主板
601199.SH,主板
601200.SH,主板
601208.SH,主板
601211.SH,主板
601212.SH,主板
601216.SH,主板
601218.SH,主板
601222.SH,主板
601225.SH,主板
601226.SH,主板
601228.SH,主板
601229.SH,主板
601231.SH,主板
601233.SH,主板
601238.SH,主板
601258.SH,主板
601288.SH,主板
601311.SH,主板
601318.SH,主板
601319.SH,主板
601326.SH,主板
601328.SH,主板
601330.SH,主板
601333.SH,主板
601336.SH,主板
601339.SH,主板
601360.SH,主板
601366.SH,主板
601368.SH,主板
601369.SH,主板
601375.SH,主板
601377.SH,主板
601388.SH,主板
601390.SH,主板
601398.SH,主板
601500.SH,主板
601515.SH,主板
601518.SH,主板
601519.SH,主板
601555.SH,主板
601566.SH,主板
601567.SH,主板
601577.SH,主板
601579.SH,主板
601588.SH,主板
601595.SH,主板
601599.SH,主板
601600.SH,主板
601601.SH,主板
601606.SH,主板
601607.SH,主板
601608.SH,主板
601611.SH,主板
601616.SH,主板
601618.SH,主板
601619.SH,主板
601628.SH,主板
601633.SH,主板
601636.SH,主板
601666.SH,主板
601668.SH,主板
601669.SH,主板
601677.SH,主板
601678.SH,主板
601688.SH,主板
601689.SH,主板
601699.SH,主板
601700.SH,主板
601717.SH,主板
601718.SH,主板
601727.SH,主板
601766.SH,主板
601777.SH,主板
601788.SH,主板
601789.SH,主板
601798.SH,主板
601799.SH,主板
601800.SH,主板
601801.SH,主板
601808.SH,主板
601811.SH,主板
601818.SH,主板
601828.SH,主板
601838.SH,主板
601857.SH,主板
601858.SH,主板
601866.SH,主板
601869.SH,主板
601872.SH,主板
601877.SH,主板
601878.SH,主板
601880.SH,主板
601881.SH,主板
601882.SH,主板
601886.SH,主板
601888.SH,主板
601890.SH,主板
601898.SH,主板
601899.SH,主板
601900.SH,主板
601901.SH,主板
601908.SH,主板
601918.SH,主板
601919.SH,主板
601928.SH,主板
601929.SH,主板
601933.SH,主板
601939.SH,主板
601949.SH,主板
601952.SH,主板
601958.SH,主板
601965.SH,主板
601966.SH,主板
601968.SH,主板
601969.SH,主板
601985.SH,主板
601988.SH,主板
601989.SH,主板
601990.SH,主板
601991.SH,主板
601992.SH,主板
601996.SH,主板
601997.SH,主板
601998.SH,主板
601999.SH,主板
603000.SH,主板
603001.SH,主板
603002.SH,主板
603003.SH,主板
603005.SH,主板
603006.SH,主板
603007.SH,主板
603008.SH,主板
603009.SH,主板
603010.SH,主板
603011.SH,主板
603012.SH,主板
603013.SH,主板
603015.SH,主板
603016.SH,主板
603017.SH,主板
603018.SH,主板
603019.SH,主板
603020.SH,主板
603021.SH,主板
603022.SH,主板
603023.SH,主板
603025.SH,主板
603026.SH,主板
603027.SH,主板
603028.SH,主板
603029.SH,主板
603030.SH,主板
603031.SH,主板
603032.SH,主板
603033.SH,主板
603035.SH,主板
603036.SH,主板
603037.SH,主板
603038.SH,主板
603039.SH,主板
603040.SH,主板
603041.SH,主板
603042.SH,主板
603043.SH,主板
603045.SH,主板
603050.SH,主板
603055.SH,主板
603056.SH,主板
603058.SH,主板
603059.SH,主板
603060.SH,主板
603063.SH,主板
603066.SH,主板
603067.SH,主板
603069.SH,主板
603076.SH,主板
603077.SH,主板
603078.SH,主板
603079.SH,主板
603080.SH,主板
603081.SH,主板
603083.SH,主板
603085.SH,主板
603086.SH,主板
603088.SH,主板
603089.SH,主板
603090.SH,主板
603096.SH,主板
603098.SH,主板
603099.SH,主板
603100.SH,主板
603101.SH,主板
603103.SH,主板
603105.SH,主板
603106.SH,主板
603108.SH,主板
603110.SH,主板
603111.SH,主板
603113.SH,主板
603116.SH,主板
603117.SH,主板
603118.SH,主板
603123.SH,主板
603126.SH,主板
603127.SH,主板
603128.SH,主板
603129.SH,主板
603131.SH,主板
603133.SH,主板
603136.SH,主板
603138.SH,主板
603139.SH,主板
603156.SH,主板
603157.SH,主板
603158.SH,主板
603159.SH,主板
603160.SH,主板
603161.SH,主板
603165.SH,主板
603166.SH,主板
603167.SH,主板
603168.SH,主板
603169.SH,主板
603177.SH,主板
603178.SH,主板
603179.SH,主板
603180.SH,主板
603181.SH,主板
603183.SH,主板
603185.SH,主板
603186.SH,主板
603187.SH,主板
603188.SH,主板
603189.SH,主板
603192.SH,主板
603196.SH,主板
603197.SH,主板
603198.SH,主板
603199.SH,主板
603200.SH,主板
603203.SH,主板
603208.SH,主板
603214.SH,主板
603218.SH,主板
603220.SH,主板
603222.SH,主板
603223.SH,主板
603225.SH,主板
603226.SH,主板
603227.SH,主板
603228.SH,主板
603229.SH,主板
603232.SH,主板
603233.SH,主板
603238.SH,主板
603239.SH,主板
603258.SH,主板
603259.SH,主板
603260.SH,主板
603266.SH,主板
603268.SH,主板
603269.SH,主板
603277.SH,主板
603278.SH,主板
603283.SH,主板
603286.SH,主板
603288.SH,主板
603289.SH,主板
603297.SH,主板
603298.SH,主板
603299.SH,主板
603300.SH,主板
603301.SH,主板
603303.SH,主板
603305.SH,主板
603306.SH,主板
603308.SH,主板
603309.SH,主板
603311.SH,主板
603313.SH,主板
603315.SH,主板
603316.SH,主板
603318.SH,主板
603319.SH,主板
603320.SH,主板
603321.SH,主板
603322.SH,主板
603323.SH,主板
603326.SH,主板
603328.SH,主板
603329.SH,主板
603330.SH,主板
603331.SH,主板
603333.SH,主板
603335.SH,主板
603336.SH,主板
603337.SH,主板
603338.SH,主板
603339.SH,主板
603345.SH,主板
603348.SH,主板
603355.SH,主板
603356.SH,主板
603357.SH,主板
603358.SH,主板
603359.SH,主板
603360.SH,主板
603363.SH,主板
603365.SH,主板
603366.SH,主板
603367.SH,主板
603368.SH,主板
603369.SH,主板
603377.SH,主板
603378.SH,主板
603380.SH,主板
603383.SH,主板
603385.SH,主板
603386.SH,主板
603387.SH,主板
603388.SH,主板
603389.SH,主板
603393.SH,主板
603396.SH,主板
603398.SH,主板
603399.SH,主板
603416.SH,主板
603421.SH,主板
603429.SH,主板
603444.SH,主板
603456.SH,主板
603458.SH,主板
603466.SH,主板
603477.SH,主板
603486.SH,主板
603488.SH,主板
603496.SH,主板
603499.SH,主板
603500.SH,主板
603501.SH,主板
603505.SH,主板
603506.SH,主板
603507.SH,主板
603508.SH,主板
603515.SH,主板
603516.SH,主板
603517.SH,主板
603518.SH,主板
603519.SH,主板
603520.SH,主板
603527.SH,主板
603528.SH,主板
603533.SH,主板
603535.SH,主板
603536.SH,主板
603538.SH,主板
603555.SH,主板
603556.SH,主板
603557.SH,主板
603558.SH,主板
603559.SH,主板
603566.SH,主板
603567.SH,主板
603568.SH,主板
603569.SH,主板
603577.SH,主板
603578.SH,主板
603579.SH,主板
603580.SH,主板
603583.SH,主板
603585.SH,主板
603586.SH,主板
603587.SH,主板
603588.SH,主板
603589.SH,主板
603590.SH,主板
603595.SH,主板
603596.SH,主板
603598.SH,主板
603599.SH,主板
603600.SH,主板
603601.SH,主板
603602.SH,主板
603603.SH,主板
603605.SH,主板
603606.SH,主板
603607.SH,主板
603608.SH,主板
603609.SH,主板
603611.SH,主板
603612.SH,主板
603615.SH,主板
603616.SH,主板
603617.SH,主板
603618.SH,主板
603619.SH,主板
603626.SH,主板
603628.SH,主板
603629.SH,主板
603630.SH,主板
603633.SH,主板
603636.SH,主板
603637.SH,主板
603638.SH,主板
603639.SH,主板
603648.SH,主板
603650.SH,主板
603655.SH,主板
603656.SH,主板
603657.SH,主板
603658.SH,主板
603659.SH,主板
603660.SH,主板
603661.SH,主板
603663.SH,主板
603665.SH,主板
603666.SH,主板
603667.SH,主板
603668.SH,主板
603669.SH,主板
603676.SH,主板
603677.SH,主板
603678.SH,主板
603679.SH,主板
603680.SH,主板
603683.SH,主板
603685.SH,主板
603686.SH,主板
603688.SH,主板
603689.SH,主板
603690.SH,主板
603693.SH,主板
603696.SH,主板
603698.SH,主板
603699.SH,主板
603701.SH,主板
603703.SH,主板
603706.SH,主板
603707.SH,主板
603708.SH,主板
603709.SH,主板
603711.SH,主板
603712.SH,主板
603713.SH,主板
603716.SH,主板
603717.SH,主板
603718.SH,主板
603721.SH,主板
603722.SH,主板
603725.SH,主板
603726.SH,主板
603727.SH,主板
603728.SH,主板
603729.SH,主板
603730.SH,主板
603733.SH,主板
603737.SH,主板
603738.SH,主板
603757.SH,主板
603758.SH,主板
603766.SH,主板
603767.SH,主板
603768.SH,主板
603773.SH,主板
603776.SH,主板
603777.SH,主板
603778.SH,主板
603779.SH,主板
603787.SH,主板
603788.SH,主板
603789.SH,主板
603790.SH,主板
603797.SH,主板
603798.SH,主板
603799.SH,主板
603800.SH,主板
603801.SH,主板
603803.SH,主板
603806.SH,主板
603808.SH,主板
603809.SH,主板
603810.SH,主板
603811.SH,主板
603813.SH,主板
603816.SH,主板
603817.SH,主板
603818.SH,主板
603819.SH,主板
603822.SH,主板
603823.SH,主板
603825.SH,主板
603826.SH,主板
603828.SH,主板
603829.SH,主板
603833.SH,主板
603838.SH,主板
603839.SH,主板
603843.SH,主板
603848.SH,主板
603855.SH,主板
603856.SH,主板
603858.SH,主板
603859.SH,主板
603860.SH,主板
603861.SH,主板
603866.SH,主板
603868.SH,主板
603869.SH,主板
603871.SH,主板
603876.SH,主板
603877.SH,主板
603878.SH,主板
603879.SH,主板
603880.SH,主板
603881.SH,主板
603882.SH,主板
603883.SH,主板
603885.SH,主板
603886.SH,主板
603887.SH,主板
603888.SH,主板
603889.SH,主板
603890.SH,主板
603895.SH,主板
603896.SH,主板
603897.SH,主板
603898.SH,主板
603899.SH,主板
603900.SH,主板
603901.SH,主板
603903.SH,主板
603906.SH,主板
603908.SH,主板
603909.SH,主板
603912.SH,主板
603916.SH,主板
603917.SH,主板
603918.SH,主板
603919.SH,主板
603920.SH,主板
603922.SH,主板
603926.SH,主板
603928.SH,主板
603929.SH,主板
603933.SH,主板
603936.SH,主板
603937.SH,主板
603938.SH,主板
603939.SH,主板
603955.SH,主板
603958.SH,主板
603959.SH,主板
603960.SH,主板
603963.SH,主板
603966.SH,主板
603968.SH,主板
603969.SH,主板
603970.SH,主板
603976.SH,主板
603977.SH,主板
603978.SH,主板
603979.SH,主板
603980.SH,主板
603985.SH,主板
603986.SH,主板
603987.SH,主板
603988.SH,主板
603989.SH,主板
603990.SH,主板
603991.SH,主板
603993.SH,主板
603996.SH,主板
603997.SH,主板
603998.SH,主板
603999.SH,主板
600978.SH,主板
600247.SH,主板
600677.SH,主板
600086.SH,主板
600687.SH,主板
600317.SH,主板
000939.SZ,主板
300431.SZ,创业板
300216.SZ,创业板
600069.SH,主板
300156.SZ,创业板
300090.SZ,创业板
600175.SH,主板
002220.SZ,中小板
300028.SZ,创业板
300104.SZ,创业板
002509.SZ,中小板
002604.SZ,中小板
601558.SH,主板
600074.SH,主板
600240.SH,主板
000018.SZ,主板
600747.SH,主板
002143.SZ,中小板
002680.SZ,中小板
002018.SZ,中小板
002477.SZ,中小板
600401.SH,主板
000693.SZ,主板
002070.SZ,中小板
000418.SZ,主板
600680.SH,主板
